{"cameraMode":{"drawMode":0,"name":"Shaded","section":"Shading Mode"},"sceneLighting":false,"audioPlay":false,"sceneViewState":{"showFog":true,"showMaterialUpdate":false,"showSkybox":false,"showFlares":true,"showImageEffects":true,"showParticleSystems":true},"in2DMode":false,"pivot":{"x":131.3800048828125,"y":-0.2999999523162842,"z":-0.019999980926513673},"rotation":{"x":0.33503711223602297,"y":-0.40919530391693118,"z":0.1642054319381714,"w":0.8328191637992859},"size":20.631996154785158,"orthographic":false}