{"cameraMode":{"drawMode":0,"name":"Shaded","section":"Shading Mode"},"sceneLighting":false,"audioPlay":false,"sceneViewState":{"showFog":true,"showMaterialUpdate":false,"showSkybox":false,"showFlares":true,"showImageEffects":true,"showParticleSystems":true},"in2DMode":false,"pivot":{"x":47.358001708984378,"y":-2.549999952316284,"z":2.0290000438690187},"rotation":{"x":-0.053049396723508838,"y":-0.9463348984718323,"z":0.24245430529117585,"w":-0.207044780254364},"size":5.011710166931152,"orthographic":false}