{"cameraMode":{"drawMode":0,"name":"Shaded","section":"Shading Mode"},"sceneLighting":false,"audioPlay":false,"sceneViewState":{"showFog":true,"showMaterialUpdate":false,"showSkybox":false,"showFlares":true,"showImageEffects":true,"showParticleSystems":true},"in2DMode":false,"pivot":{"x":19.0,"y":1.3999998569488526,"z":-8.199999809265137},"rotation":{"x":-0.13344459235668183,"y":-0.7972620725631714,"z":0.1906222105026245,"w":-0.5572249293327332},"size":12.499669075012207,"orthographic":false}