{"cameraMode":{"drawMode":0,"name":"Shaded","section":"Shading Mode"},"sceneLighting":false,"audioPlay":false,"sceneViewState":{"showFog":true,"showMaterialUpdate":false,"showSkybox":false,"showFlares":true,"showImageEffects":true,"showParticleSystems":true},"in2DMode":false,"pivot":{"x":47.358001708984378,"y":-2.549999952316284,"z":2.0290000438690187},"rotation":{"x":-0.06110360100865364,"y":-0.9111652970314026,"z":0.14639754593372346,"w":-0.3802959620952606},"size":5.011710166931152,"orthographic":false}