{"cameraMode":{"drawMode":0,"name":"Shaded","section":"Shading Mode"},"sceneLighting":false,"audioPlay":false,"sceneViewState":{"showFog":true,"showMaterialUpdate":false,"showSkybox":false,"showFlares":true,"showImageEffects":true,"showParticleSystems":true},"in2DMode":false,"pivot":{"x":46.790000915527347,"y":-2.549999952316284,"z":1.8300000429153443},"rotation":{"x":0.15487223863601685,"y":-0.7140421271324158,"z":0.16704557836055757,"w":0.6620145440101624},"size":2.900808572769165,"orthographic":false}