{"cameraMode":{"drawMode":0,"name":"Shaded","section":"Shading Mode"},"sceneLighting":false,"audioPlay":false,"sceneViewState":{"showFog":true,"showMaterialUpdate":false,"showSkybox":false,"showFlares":true,"showImageEffects":true,"showParticleSystems":true},"in2DMode":false,"pivot":{"x":0.0,"y":0.8740000128746033,"z":0.2990000247955322},"rotation":{"x":0.15214568376541139,"y":-0.7754229307174683,"z":0.20402783155441285,"w":0.578095018863678},"size":1.2941981554031373,"orthographic":false}