{"cameraMode":{"drawMode":0,"name":"Shaded","section":"Shading Mode"},"sceneLighting":true,"audioPlay":false,"sceneViewState":{"showFog":true,"showMaterialUpdate":false,"showSkybox":true,"showFlares":true,"showImageEffects":true,"showParticleSystems":true},"in2DMode":false,"pivot":{"x":7.413629531860352,"y":-9.080036163330079,"z":-16.318859100341798},"rotation":{"x":-0.18222735822200776,"y":-0.5118345618247986,"z":0.11159699410200119,"w":-0.832275927066803},"size":28.155576705932618,"orthographic":false}