{"cameraMode":{"drawMode":0,"name":"Shaded","section":"Shading Mode"},"sceneLighting":true,"audioPlay":false,"sceneViewState":{"showFog":true,"showMaterialUpdate":false,"showSkybox":true,"showFlares":true,"showImageEffects":true,"showParticleSystems":true},"in2DMode":false,"pivot":{"x":17.36673927307129,"y":0.9293128848075867,"z":0.9089471101760864},"rotation":{"x":-0.145756796002388,"y":-0.5671755075454712,"z":0.1028207540512085,"w":-0.8042083382606506},"size":4.287884712219238,"orthographic":false}